pano|pmes|conglome|submuestra|vivienda|hogar|codperso|dominio|estrato|codpanel|p103|p104|p105|p106|p107|p108|p109a|p109b|p109c|p200n|p200i|p200a|p200b|p200bb|p200c|p200d|p200dd|p200e|p200f|p200g|p201|p202|p203|p204|p2041|p2042|p2043|p2044|p2045|p2046|p2047|p2048|p2049|p20410|p20411|p204a|p205a|p206|P206AA|p207a|p207b|p208b1|p208b2|p208b3|p209a|p209b|p209c|p209d|p209e|p209f|p209g|p209t|p209bb|p209cc|p209h|p209ee|p210|p211a|p211b|p212a|p212b|p212c|p212d|p212e|p213|p214|p215|p216|p217|p218|p219|p220|p222|P223A1|P223A2|P223A3|P223A4|P223A5|P223A6|P223A7|P224|P225|ocu200|i211a|i211b|i212a|i212b|i212c|i212d|ingtot|ingprin|resident|fa_def21
2020|12|017685|004|0066|11|02|8|1|19121103|3|1|2||1|23|8|3||2|1|13|12|2020|19|12|2020|9|5|1997|1|||||||||||||||313|4220|3|4|2||1|1|2020|0|8|8|8|8|8|8|48|1||1|2|4|1500|0|||||1|||||||||1|0|0|0|0|0|0|1|6|4|1|1500|0|||||1500|1500|1|380.928998444194
2020|12|024385|005|0120|11|01|8|1|20121101|1|1|2||1|43|5|1||1|1|13|12|2020|19|12|2020|24|2|1977|1|||||||||||||||785|4210|4|4|2||1|11|2020|0|8|8|8|8|8|5|45|1||1|2|4|1500|0|||||1|||||||||1|0|0|0|0|0|0|1|6|4|1|1500|0|||||1500|1500|1|923.697940605308
2020|12|029157|005|0097|11|01|8|1|20121101|1|1|2||1|30|6|5||1|1|22|11|2020|28|11|2020|25|9|1990|1|||||||||||||||785|4100|4|4|2||2|7|2020|0|8|8|8|8|8|6|46|1||2|2|4|1500|0|||||1|||||||||1|0|0|0|0|0|0|1|6|4|1|1500|0|||||1500|1500|1|919.309082241665
2020|12|047580|004|0128|11|01|8|1|20121101|1|1|2||1|29|5|3||1|1|29|11|2020|5|12|2020|99|99|1991|1|||||||||||||||785|4220|4|4|2||1|7|2020|0|8|8|8|8|8|8|48|1||2|2|4|930|0|||||1|||||||||5|0|0|0|0|0|0|1|6|4|1|930|0|||||930|930|1|897.678280306567
2020|12|090931|001|0005|11|01|8|1|20121101|1|1|2||1|55|6|5||1|1|6|12|2020|12|12|2020|22|8|1965|1|||||||||||||||885|4220|3|4|2|||6|2006|0|10|10|10|10|10|10|60|2|57|1|2|4|1500|0|||0|0|0|||||||||1|0|0|0|0|0|0|1|6|4|1|1500|0|||||1500|1500|1|696.259177001072
2021|01|026780|002|0034|11|03|8|1|20011203|3|1|2||1|16|5|4||3|2|10|1|2021|16|1|2021|31|3|2004|1|||||||||||||||864|4330|4|4|1|3|15|10|2020|0|5|5|5|5|5|5|30|1||1|2|1|20|0|||||1|||||||||6|0|0|0|0|0|0|1|6|4|1|500|0|||||500|500|1|910.190723706091
2021|01|029139|002|0061|11|05|8|1|21011105|4|1|2||1|25|7|2||5|4|17|1|2021|23|1|2021|9|9|1995|1|||||||||||||||783|4321|4|4|2|||7|2020|0|8|8|8|8|8|8|48|1||2|2|4|1000|0|||||1|||||||||1|0|0|0|0|0|0|1|6|4|1|1000|0|||||1000|1000|1|937.920990440619
2021|02|020692|003|0089|11|01|8|1|21021101|1|1|2||1|50|6|5||1|1|24|1|2021|30|1|2021|27|1|1971|2|1||||||||||||||953|4220|4|4|2||||2016|0|3|0|0|4|0|3|10|2|58|1|2|4||0|||800|0|0|||||||||1|0|0|0|0|0|0|1|1|4|1|0|0|0|0|800|0|800|0|1|567.93080390597
2021|02|020692|003|0089|11|01|8|1|21021101|1|1|2||1|51|5|5||1|1|24|1|2021|30|1|2021|27|1|1971|2|1||||||||||||||953|4220|4|4|2||||2016|0|3|0|0|4|0|3|10|2|58|1|2|4|400|0|||800|0|0|||||||||1|0|0|0|0|0|0|1|1|4|3|0|0|0|0|800|0|800|0|1|567.93080390597
2021|02|020692|003|0089|11|01|8|1|21021101|1|1|2||1|65|5|5||1|1|24|1|2021|30|1|2021|27|1|1971|2|1||||||||||||||953|4220|4|4|2||||2016|0|3|0|0|4|0|3|10|2|58|1|2|4|200|0|||800|0|0|||||||||1|0|0|0|0|0|0|1|1|4|3|0|0|0|0|800|0|800|0|1|441.11097268715
2021|02|020692|003|0089|11|01|8|1|21021101|1|1|2||1|67|7|5||1|1|24|1|2021|30|1|2021|27|1|1971|2|1||||||||||||||953|4220|4|4|2||||2016|0|3|0|0|4|0|3|10|2|58|1|2|4|600|0|||800|0|0|||||||||1|0|0|0|0|0|0|1|1|4|3|0|0|0|0|800|0|800|0|1|389.29045993795
2021|02|020692|003|0089|11|01|8|1|21021101|1|1|2||1|70|7|5||1|1|24|1|2021|30|1|2021|27|1|1971|2|1||||||||||||||953|4220|4|4|2||||2016|0|3|0|0|4|0|3|10|2|58|1|2|4|150|0|||800|0|0|||||||||1|0|0|0|0|0|0|1|1|4|3|0|0|0|0|800|0|800|0|1|567.93080390597
2020|12|018112|004|0085|11|01|8|1|19121101|1|1|2||1|20|7|5||1|1|13|12|2020|19|12|2020|25|5|1965|2|1||||||||||||||421|1312|3|5|2||||1997|0|0|0|0|0|0|0|0|2|48|1|2|4|930|0|||||1|||||||||5|0|0|0|0|0|0|1|6|4|2|0|0|||||0|0|1|240.946789040667
2020|12|018112|004|0085|11|01|8|1|19121101|1|1|2||1|30|8|5||1|1|13|12|2020|19|12|2020|25|5|1965|2|1||||||||||||||421|1312|3|5|2||||1997|0|0|0|0|0|0|0|0|2|48|1|2|4|970|0|||||1|||||||||4|0|0|0|0|0|0|1|6|4|2|0|0|||||0|0|1|253.914892543767
2020|12|018112|004|0085|11|01|8|1|19121101|1|1|2||1|18|9|5||1|1|13|12|2020|19|12|2020|25|5|1965|2|1||||||||||||||421|1312|3|5|2||||1997|0|0|0|0|0|0|0|0|2|48|1|2|4|750|0|||||1|||||||||4|0|0|0|0|0|0|1|6|4|2|0|0|||||0|0|1|540.679404066789
2020|12|018112|004|0085|11|01|8|1|19121101|1|1|2||1|21|9|5||1|1|13|12|2020|19|12|2020|25|5|1965|2|1||||||||||||||421|1312|3|5|2||||1997|0|0|0|0|0|0|0|0|2|48|1|2|4|930|0|||||1|||||||||4|0|0|0|0|0|0|1|6|4|2|0|0|||||0|0|1|240.946789040667
2020|12|018112|004|0085|11|01|8|1|19121101|1|1|2||1|22|9|5||1|1|13|12|2020|19|12|2020|25|5|1965|2|1||||||||||||||421|1312|3|5|2||||1997|0|0|0|0|0|0|0|0|2|48|1|2|4|750|0|||||1|||||||||5|0|0|0|0|0|0|1|6|4|2|0|0|||||0|0|1|253.914892543767
2021|01|017801|003|0117|11|03|8|1|21011103|3|1|2||2|21|6|5||3|3|27|12|2020|2|1|2021|1|1|2000|1|||||||||||||||942|5610|5|5|1|4|||2018|8|6|6|6|6|6|8|46|1||1|2|||||||||||||||||5|0|0|0|0|0|0|1|7|6|1|||||||0|0|1|445.07164385126
2021|01|027367|002|0119|11|01|8|1|21011101|1|1|2||2|32|10|5||1|1|17|1|2021|23|1|2021|29|7|1988|2|1||||||||||||||242|8521|3|5|2|||2|2019|0|0|0|0|0|0|0|0|2|40|1|2|4|5000|0|||||1|||||||||3|0|0|0|0|0|0|1|5|6|1|5000|0|||||5000|5000|1|441.11097268715
2020|12|018112|004|0086|11|01|8|1|20121101|1|1|2||1|43|8|3||1|1|13|12|2020|19|12|2020|30|6|1977|1|||||||||||||||314|4520|2||1|1|5|1|2020|0|4|4|4|0|4|4|20|2|40|1|1||||600|0|346|0|0|||||||||5|0|0|0|0|0|0|1|6|6|1|||600|0|346|0|946|600|1|389.290459937959
2021|01|017801|003|0117|11|02|8|1|21011102|2|1|2||2|52|6|5||2|2|27|12|2020|2|1|2021|5|8|1968|1|||||||||||||||364|5610|1||1|4|||2008|10|10|10|10|10|10|10|70|1||1|2||||3031|0|||1|||||||||5|0|0|0|0|0|0|1|7|6|1|||3031|0|||3031|3031|1|255.289212552489
2020|12|028646|004|0103|11|02|8|1|19121102|2|1|2||1|27|7|1||2|2|13|12|2020|19|12|2020|5|12|1993|1|||||||||||||||984|4772|4|5|1|6||10|2019|0|10|10|10|10|10|10|60|2|66|1|2|2|300|0|||||1|||||||||1|0|0|0|0|0|0|1|6|3|1|1299|0|||||1299|1299|1|673.258710229925
2020|12|028758|005|0159|11|05|8|1|20121105|3|1|2||1|51|8|3||5|2|13|12|2020|19|12|2020|21|11|1969|1|||||||||||||||13|8422|3|1|2||||1990|0|8|8|8|8|8|0|40|1||1|2|4|3500|134|||||1|||||||||4|0|0|0|0|0|0|1|6|3|1|3500|134|||||3634|3634|1|562.030708122201
2021|02|022635|003|0129|11|03|8|1|21021103|3|1|2||2|26|10|5||3|3|31|1|2021|6|2|2021|13|8|1994|1|||||||||||||||364|4759|3|5|1|20|||2018|0|9|0|9|0|9|3|30|2|45|1|2|4|900|0|||||1|||||||||1|0|0|0|0|0|0|1|6|3|1|900|0|0|0|0|0|900|900|1|863.097073602032
2021|02|090769|001|0019|11|08|8|1|21021108|3|1|2||1|25|10|5||8|8|31|1|2021|6|2|2021|1|12|1995|1|||||||||||||||312|7490|3|5|1|30|3|2|2021|0|0|0|8|8|8|8|32|2|48|1|1|4|2200|0|||||1|||||||||5|0|0|0|0|0|0|1|6|3|1|2200|0|0|0|0|0|2200|2200|1|1149.87564540431
2020|12|017349|004|0106|11|02|8|1|19121102|3|1|2||1|26|7|1||2|2|20|12|2020|26|12|2020|25|6|1994|1|||||||||||||||572|4752|3|5|2||1|1|2020|8|8|8|8|8|0|0|40|2|48|2|2|4|1000|100|||||1|||||||||1|0|0|0|0|0|0|1|6|4|1|1000|100|||||1100|1100|1|397.941359047691
2020|12|017349|004|0108|13|01|8|1|19121101|1|1|2||1|57|6|5||1|1|13|12|2020|19|12|2020|28|9|1963|1|||||||||||||||952|4100|3|5|1|3|||2013|0|18|6|18|6|5|6|59|1||2|2|4|930|350|||160|0|0|||||||||6|0|0|0|0|0|0|1|6|4|1|930|350|||160|0|1440|1280|1|246.30116213046
2020|12|017351|004|0100|11|01|8|1|19121101|1|1|2||1|57|8|3||1|1|29|11|2020|5|12|2020|18|5|1963|1|||||||||||||||351|8610|3|2|2||||1986|0|6|6|6|6|6|6|36|1||2|2|4|2500|0|||||1|||||||||1|0|0|0|0|0|0|1|6|4|1|2500|0|||||2500|2500|1|249.255299007587
2020|12|017351|004|0114|11|01|8|1|19121101|1|1|2||2|49|3||2|1|1|22|11|2020|28|11|2020|17|11|1971|1|||||||||||||||772|1410|4|5|1|4|15|10|2020|0|0|0|7|7|7|7|28|1||1|2|2|150|0|||||1|||||||||6|0|0|0|0|0|0|1|6|4|1|650|0|||||650|650|1|241.216729118663
2020|12|017351|004|0116|11|01|8|1|19121101|1|1|2||1|46|5|2||1|2|22|11|2020|28|11|2020|27|7|1974|1|||||||||||||||523|5610|3|5|1|30|||2000|0|8|8|8|8|8|8|48|1||2|2|4|1000|300|||||1|||||||||1|0|0|0|0|0|0|1|6|4|1|1000|300|||||1300|1300|1|249.255299007587
2020|12|017351|004|0116|11|03|8|1|19121103|3|1|2||1|27|6|5||3|2|22|11|2020|28|11|2020|10|5|1993|1|||||||||||||||523|5610|3|5|1|30|15|10|2020|0|8|8|8|8|8|8|48|1||2|2|4|800|200|||||1|||||||||5|0|0|0|0|0|0|1|6|4|1|800|200|||||1000|1000|1|402.714268901337
2020|12|017355|005|0145|11|01|8|1|20121101|1|1|2||1|49|6|5||1|1|22|11|2020|28|11|2020|14|1|1971|1|||||||||||||||23|8423|3|1|2||||1996|17|7|17|7|0|17|7|72|1||2|2|4|3000|300|||||1|||||||||4|0|0|0|0|0|0|1|6|4|1|3000|300|||||3300|3300|1|246.464654438545
2020|12|017355|005|0145|11|02|8|1|20121102|3|1|2||2|31|9|1||2|2|29|11|2020|5|12|2020|1|7|1989|1|||||||||||||||945|1392|3|5|1|5|15|10|2020|0|8|8|8|8|8|8|48|1||1|2|2|180|42|||||1|||||||||5|0|0|0|0|0|0|1|6|4|1|779|182|||||961|961|1|374.55781677844
2020|12|017355|005|0146|11|01|8|1|20121101|1|1|2||1|35|6|5||1|1|22|11|2020|28|11|2020|16|1|1985|1|||||||||||||||783|4520|4|5|1|3|15|8|2020|0|9|9|9|9|9|9|54|1||2|2|2|300|0|||||1|||||||||5|0|0|0|0|0|0|1|6|4|1|1299|0|||||1299|1299|1|398.205508638828
2020|12|017355|005|0146|11|03|8|1|20121103|3|1|2||1|14|5|1||3|3|29|11|2020|5|12|2020|17|9|2006|2|2|2||2|2|2|2|2|2|2|2|1|2|2|572|4722|5|5|1|2|15|12|2019|0|3|3|3|3|3|5|20|1||2|2|||||||||||||||||6|0|0|0|0|0|0|1|8|4|1|||||||0|0|1|386.432294175928
2020|12|017390|004|0085|11|01|8|1|19121101|1|1|2||2|53|3||4|1|1|22|11|2020|28|11|2020|6|2|1967|1|||||||||||||||945|8530|4|2|2||||2005|0|0|5|0|0|5|0|10|2|48|1|2|4|930|0|||||1|||||||||1|0|0|0|0|0|0|1|1|1|1|930|0|||||930|930|1|236.736113030708
2020|12|017390|004|0085|11|03|8|1|19121103|3|1|2||1|27|6|5||3|4|22|11|2020|28|11|2020|21|2|1993|1|||||||||||||||781|2599|4|5|2||1|8|2020|0|12|12|12|12|12|12|72|1||1|1|4|1480|0|||||1|||||||||1|0|0|0|0|0|0|1|5|4|1|1480|0|||||1480|1480|1|395.233825738538
2020|12|017390|004|0086|11|01|8|1|19121101|1|1|2||1|51|5|2||1|1|22|11|2020|28|11|2020|1|10|1969|1|||||||||||||||777|1520|4|5|1|6|||2013|0|11|11|11|11|11|5|60|1||1|2|2|350|0|||||1|||||||||6|0|0|0|0|0|0|1|1|1|1|1516|0|||||1516|1516|1|244.625365972586
2020|12|017390|004|0086|11|03|8|1|19121103|3|1|2||1|27|6|5||3|3|22|11|2020|28|11|2020|1|10|1993|1|||||||||||||||945|7830|3|4|2||25|6|2020|0|10|10|10|10|10|10|60|1||2|2|4|1100|182|||173|0|0|||||||||1|0|0|0|0|0|0|1|6|4|1|1100|182|||173|0|1455|1282|1|395.233825738538
2020|12|017390|004|0086|11|04|8|1|19121104|3|1|2||1|24|7|1||4|4|22|11|2020|28|11|2020|6|6|1996|1|||||||||||||||421|4752|3|5|2||15|11|2019|0|12|8|9|10|8|5|52|2|48|1|2|2|250|42|||||1|||||||||1|0|0|0|0|0|0|1|6|4|1|1083|182|||||1265|1265|1|383.548471085063
2020|12|017390|004|0087|11|03|8|1|19121103|3|1|2||1|25|8|3||3|3|22|11|2020|28|11|2020|1|10|1995|1|||||||||||||||861|4100|4|5|1|10|14|9|2020|0|8|8|8|8|8|5|45|1||1|2|2|600|0|||||1|||||||||5|0|0|0|0|0|0|1|6|4|1|2598|0|||||2598|2598|1|395.233825738538
2020|12|017390|004|0087|11|04|8|1|19121104|3|1|2||2|23|7|2||4|4|22|11|2020|28|11|2020|12|1|1997|1|||||||||||||||971|125|4|5|2||15|10|2020|4|8|8|8|8|8|4|48|1||1|2|4|930|0|||||1|||||||||5|0|0|0|0|0|0|1|6|4|1|930|0|||||930|930|1|412.726138844865
2020|12|017390|004|0087|11|05|8|1|19121105|3|1|2||2|21|6|5||5|5|22|11|2020|28|11|2020|6|6|1999|1|||||||||||||||984|1030|4|5|1|70|1|1|2020|0|11|6|10|11|8|5|51|1||1|2|4|930|0|||||1|||||||||1|0|0|0|0|0|0|1|6|4|1|930|0|||||930|930|1|412.726138844865
2020|12|017390|004|0087|11|06|8|1|20121106|3|1|2||1|32|6|5||6|4|22|11|2020|28|11|2020|12|6|1988|1|||||||||||||||983|4100|4|5|1|3|1|10|2020|0|8|8|8|8|8|5|45|1||2|2|2|240|0|||||1|||||||||5|0|0|0|0|0|0|1|6|4|1|1039|0|||||1039|1039|1|395.233825738538
2020|12|017390|004|0088|11|01|8|1|19121101|1|1|2||1|71|4|5||1|1|22|11|2020|28|11|2020|12|3|1949|1|||||||||||||||571|4630|5|5|1|3|1|4|2020|3|3|3|3|3|3|3|21|1||2|2|||||||||||||||||5|0|0|0|0|0|0|1|6|4|1|||||||0|0|1|244.625365972586
2020|12|017390|004|0088|11|03|8|1|19121103|3|1|2||1|32|3||5|3|3|22|11|2020|28|11|2020|8|12|1987|1|||||||||||||||945|4210|4|5|1|60|11|8|2020|0|8|8|8|8|8|5|45|1||1|2|4|2000|0|||||1|||||||||1|0|0|0|0|0|0|1|6|4|1|2000|0|||||2000|2000|1|395.233825738538
2020|12|017390|004|0088|11|07|8|1|20121107|3|1|2||1|39|5|3||7|7|22|11|2020|28|11|2020|24|12|1980|1|||||||||||||||877|4390|4|5|1|13|1|2|2020|0|8|8|8|8|8|8|48|1||1|2|4|1300|0|||||1|||||||||1|0|0|0|0|0|0|1|6|4|1|1300|0|||||1300|1300|1|395.233825738538
2020|12|017390|004|0088|11|08|8|1|20121108|3|1|2||1|30|5|3||8|8|22|11|2020|28|11|2020|8|6|1990|1|||||||||||||||885|4761|4|5|2||1|9|2020|0|8|8|8|8|8|5|45|1||1|2|4|1600|0|||||1|||||||||5|0|0|0|0|0|0|1|6|4|1|1600|0|||||1600|1600|1|395.233825738538
2020|12|017390|004|0088|11|09|8|1|20121109|4|1|2||2|31|5|3||9|9|22|11|2020|28|11|2020|5|1|1989|1|||||||||||||||574|4782|3|5|1|4|||2013|0|10|8|10|8|10|8|54|2|50|1|1|4|930|208|||75|0|0|||||||||5|0|0|0|0|0|0|1|6|4|1|930|208|||75|0|1213|1138|1|371.762609190541
2020|12|017390|004|0088|11|10|8|1|19121107|9|1|2||1|54|6|5||10|10|22|11|2020|28|11|2020|28|9|1966|1|||||||||||||||951|4630|4|5|2||||2015|0|10|10|11|12|9|11|63|1||1|2|4|930|0|||||1|||||||||1|0|0|0|0|0|0|1|1|1|1|930|0|||||930|930|1|244.625365972586
2020|12|017406|004|0122|11|04|8|1|19121105|10|1|2||2|21|6|5||4|3|13|12|2020|19|12|2020|28|4|1999|1|||||||||||||||572|4752|3|5|1|3|1|9|2020|0|8|8|8|8|8|8|48|1||1|2|2|200|0|||||1|||||||||6|0|0|0|0|0|0|1|4|4|1|866|0|||||866|866|1|304.889798056451
2020|12|017406|004|0123|11|05|8|1|19121205|3|1|2||2|24|6|5||5|5|20|12|2020|26|12|2020|22|12|1996|1|||||||||||||||574|4782|3|5|1|2|1|9|2020|8|0|8|8|8|8|8|48|1||1|2|2|200|0|||||1|||||||||6|0|0|0|0|0|0|1|6|4|1|866|0|||||866|866|1|304.889798056451
2020|12|017406|004|0125|11|01|8|1|19121103|1|1|2||1|29|10|5||1|3|20|12|2020|26|12|2020|5|5|1991|1|||||||||||||||217|8411|3|2|2||1|10|2020|0|8|8|8|8|8|0|40|1||1|2|4|3000|0|||||1|||||||||1|0|0|0|0|0|0|1|6|4|1|3000|0|||||3000|3000|1|291.967844953469
2020|12|017406|004|0125|11|03|8|1|19121105|9|1|2||1|27|6|5||3|3|20|12|2020|26|12|2020|29|12|1993|1|||||||||||||||23|8423|3|1|2||||2015|0|16|8|16|8|16|8|72|1||1|2|4|2800|0|||||1|||||||||4|0|0|0|0|0|0|1|6|4|1|2800|0|||||2800|2800|1|291.967844953469
2020|12|017418|005|0124|11|01|8|1|20121101|1|1|2||1|39|8|3||1|1|13|12|2020|19|12|2020|1|9|1981|1|||||||||||||||313|4321|3|5|2||||2013|0|8|8|8|8|8|0|40|1||1|2|4|930|0|||||1|||||||||1|0|0|0|0|0|0|1|1|4|1|930|0|||||930|930|1|416.450259468514
2020|12|017418|005|0124|11|02|8|1|20121102|2|1|2||2|37|10|5||2|2|13|12|2020|19|12|2020|2|3|1983|1|||||||||||||||462|5229|3|5|2||||2012|0|8|8|8|8|8|0|40|1||1|2|4|1200|0|||||1|||||||||1|0|0|0|0|0|0|1|6|4|1|1200|0|||||1200|1200|1|391.719091271586
2020|12|017418|005|0125|11|01|8|1|20121101|1|1|2||1|61|6|5||1|2|13|12|2020|19|12|2020|30|8|1959|1|||||||||||||||423|7830|3|4|1|60|||2005|8|8|8|8|8|8|8|56|2|40|1|2|4|1300|0|||||1|||||||||1|0|0|0|0|0|0|1|6|4|1|1300|0|||||1300|1300|1|257.757030136528
2020|12|017418|005|0125|11|03|8|1|20121103|3|1|2||2|27|6|5||3|3|13|12|2020|19|12|2020|8|7|1993|1|||||||||||||||951|7830|3|4|2||1|9|2020|0|8|8|8|8|8|8|48|1||2|2|4|930|0|||||1|||||||||1|0|0|0|0|0|0|1|6|4|1|930|0|||||930|930|1|391.719091271586
2020|12|017418|005|0126|11|02|8|1|20121102|3|1|2||1|19|7|2||2|2|6|12|2020|12|12|2020|3|3|2001|1|||||||||||||||572|4761|5|5|1|2|||2018|8|6|6|6|6|6|8|46|1||1|1|||||||||||||||||5|0|0|0|0|0|0|1|7|4|1|||||||0|0|1|404.137626640775
2020|12|017418|005|0127|11|03|8|1|20121103|3|1|2||1|23|6|5||3|3|6|12|2020|12|12|2020|6|5|1997|1|||||||||||||||864|4330|4|5|1|9|1|8|2020|0|8|8|8|8|8|8|48|1||2|1|2|300|0|||||1|||||||||5|0|0|0|0|0|0|1|7|4|1|1299|0|||||1299|1299|1|404.137626640775
2020|12|017473|004|0101|11|01|8|1|20121101|1|1|2||2|22|6|5||1|1|22|11|2020|28|11|2020|14|4|1998|1|||||||||||||||945|8890|3|2|2||1|11|2019|0|4|4|4|4|4|0|20|1||1|1|4|400|0|||||1|||||||||6|0|0|0|0|0|0|1|6|4|1|400|0|||||400|400|1|406.519730741935
2020|12|017473|004|0102|11|01|8|1|19121101|1|1|2||1|61|6|5||1|1|29|11|2020|5|12|2020|17|9|1959|1|||||||||||||||785|2432|4|5|2||1|6|2020|0|9|9|9|9|9|0|45|1||1|1|4|930|173|||||1|||||||||1|0|0|0|0|0|0|1|6|4|1|930|173|||||1103|1103|1|240.946789040667
2020|12|017473|004|0102|11|05|8|1|20121105|3|1|2||1|25|8|3||5|5|22|11|2020|28|11|2020|31|12|1994|1|||||||||||||||971|111|5|5|1|3|25|11|2020|0|0|0|5|5|5|0|15|1||1|2|||||||||||||||||1|0|0|0|0|0|0|1|6|4|1|||||||0|0|1|389.290459937959
2020|12|017477|004|0113|11|02|8|1|19121102|6|1|2||1|43|6|5||2|3|13|12|2020|19|12|2020|30|1|1977|1|||||||||||||||877|5229|4|5|2||1|10|2020|12|0|0|12|12|12|0|48|1||1|2|4|1200|139|||||1|||||||||1|0|0|0|0|0|0|1|6|4|1|1200|139|||||1339|1339|1|389.290459937959
2020|12|017477|004|0113|11|03|8|1|19121103|9|1|2||2|34|8|5||3|3|13|12|2020|19|12|2020|17|11|1986|1|||||||||||||||243|8510|3|5|1|12|1|3|2020|0|8|8|8|8|8|0|40|1||1|2|4|900|0|||||1|||||||||1|0|0|0|0|0|0|1|6|4|1|900|0|||||900|900|1|366.172194014743
2020|12|017496|004|0104|11|01|8|1|19121101|1|1|2||2|36|10|5||1|4|29|11|2020|5|12|2020|20|5|1984|1|||||||||||||||239|8610|3|2|2||||2014|0|11|11|11|11|11|5|60|1||2|2|4|2000|0|||||1|||||||||1|0|0|0|0|0|0|1|6|4|1|2000|0|||||2000|2000|1|366.172194014743
2020|12|017496|004|0106|11|02|8|1|19121102|2|1|2||1|63|6|5||2|2|29|11|2020|5|12|2020|2|3|1957|1|||||||||||||||766|1071|4|5|2||||1997|0|7|5|7|12|5|7|43|1||2|2|4|2200|0|||||1|||||||||1|0|0|0|0|0|0|1|6|4|1|2200|0|||||2200|2200|1|240.946789040667
2020|12|017496|004|0107|11|01|8|1|19121101|1|1|2||1|61|9|4||1|1|29|11|2020|5|12|2020|3|6|1959|1|||||||||||||||423|8521|3|5|1|10|4|3|2020|0|8|8|8|8|8|0|40|1||2|2|4|1000|0|||||1|||||||||4|0|0|0|0|0|0|1|6|4|1|1000|0|||||1000|1000|1|240.946789040667
2020|12|017496|004|0107|11|02|8|1|19121102|2|1|2||2|57|6|5||2|2|29|11|2020|5|12|2020|18|3|1963|1|||||||||||||||423|8521|3|5|1|10|4|3|2020|0|8|8|8|8|8|0|40|1||2|2|4|1000|0|||||1|||||||||4|0|0|0|0|0|0|1|6|4|1|1000|0|||||1000|1000|1|233.176171481374
2020|12|017548|004|0148|11|01|8|1|19121101|1|1|2||1|74|7|1||1|1|13|12|2020|19|12|2020|20|8|1946|1|||||||||||||||772|1410|5|5|1|2|20|11|2020|0|6|5|5|5|5|5|31|1||1|1|||||||||||||||||1|0|0|0|0|0|0|1|6|4|1|||||||0|0|1|240.946789040667
2020|12|017548|004|0149|11|01|8|1|19121101|1|1|2||1|51|8|3||1|1|13|12|2020|19|12|2020|24|9|1969|1|||||||||||||||12|8422|3|1|2||||1990|18|6|18|6|18|6|18|90|1||1|2|4|3000|208|||||1|||||||||4|0|0|0|0|0|0|1|6|4|1|3000|208|||||3208|3208|1|240.946789040667
2020|12|017548|004|0149|11|03|8|1|19121103|3|1|2||1|25|9|4||3|3|13|12|2020|19|12|2020|11|12|1995|1|||||||||||||||423|8412|3|2|2||2|9|2020|0|8|8|8|8|8|0|40|1||1|2|4|930|0|||||1|||||||||5|0|0|0|0|0|0|1|6|4|1|930|0|||||930|930|1|389.290459937959
2020|12|017548|004|0150|11|01|8|1|19121101|1|1|2||1|53|6|5||1|2|13|12|2020|19|12|2020|27|11|1967|1|||||||||||||||23|8423|3|1|2||||1993|18|6|18|6|18|6|18|90|1||1|2|4|3000|139|||||1|||||||||4|0|0|0|0|0|0|1|6|4|1|3000|139|||||3139|3139|1|240.946789040667
2020|12|017548|004|0150|11|03|8|1|19121104|3|1|2||2|27|9|4||3|4|13|12|2020|19|12|2020|26|10|1993|1|||||||||||||||572|4771|3|5|2||||2017|10|10|10|10|10|0|12|62|1||2|2|4|1500|50|||||1|||||||||1|0|0|0|0|0|0|1|6|4|1|1500|50|||||1550|1550|1|366.172194014743
2020|12|017548|004|0150|11|04|8|1|19121105|3|1|2||2|23|7|2||4|4|13|12|2020|19|12|2020|21|10|1997|1|||||||||||||||453|6492|3|5|2||1|9|2020|0|8|8|8|3|0|0|27|2|45|1|2|4|950|0|||||1|||||||||1|0|0|0|0|0|0|1|6|4|1|950|0|||||950|950|1|406.519730741935
2020|12|017548|004|0151|11|03|8|1|19121103|3|1|2||1|24|8|3||3|3|13|12|2020|19|12|2020|1|1|1996|1|||||||||||||||335|4321|3|5|1|40||8|2019|0|8|8|8|8|8|8|48|1||1|2|4|2200|0|||||1|||||||||1|0|0|0|0|0|0|1|6|4|1|2200|0|||||2200|2200|1|377.780824903333
2020|12|017557|004|0125|11|03|8|1|19121103|3|1|2||1|28|5|4||3|3|13|12|2020|19|12|2020|18|7|1992|1|||||||||||||||945|4630|4|5|1|5|1|11|2020|8|6|6|6|6|0|6|38|1||2|2|1|65|3|||||1|||||||||6|0|0|0|0|0|0|1|6|4|1|1625|75|||||1700|1700|1|389.290459937959
2020|12|017557|004|0126|11|01|8|1|19121101|1|1|2||1|44|6|5||1|1|13|12|2020|19|12|2020|19|10|1976|2|1||||||||||||||885|8129|4|4|2|||6|2019|6|6|6|6|6|6|6|42|2|48|2|2|4|0|0|||1212|0|0|||||||||1|0|0|0|0|0|0|1|2|2|1|0|0|||1212|0|1212|0|1|389.290459937959
2020|12|017557|004|0126|11|02|8|1|19121102|2|1|2||2|42|6|5||2|2|13|12|2020|19|12|2020|28|4|1978|1|||||||||||||||961|8129|4|4|2||||2001|10|11|3|11|11|11|11|68|2|56|2|2|4|1200|0|||0|0|0|||||||||1|0|0|0|0|0|0|1|1|1|1|1200|0|||||1200|1200|1|366.172194014743
2020|12|018112|004|0085|11|01|8|1|19121101|1|1|2||1|25|8|5||1|1|13|12|2020|19|12|2020|25|5|1965|2|1||||||||||||||421|1312|3|5|2||||1997|0|0|0|0|0|0|0|0|2|48|1|2|4|850|0|||||1|||||||||5|0|0|0|0|0|0|1|6|4|2|0|0|||||0|0|1|253.914892543767
2020|12|018112|004|0085|11|01|8|1|19121101|1|1|2||1|25|7|5||1|1|13|12|2020|19|12|2020|25|5|1965|2|1||||||||||||||421|1312|3|5|2||||1997|0|0|0|0|0|0|0|0|2|48|1|2|4|850|0|||||1|||||||||5|0|0|0|0|0|0|1|6|4|2|0|0|||||0|0|1|540.679404066789
2020|12|018112|004|0085|11|01|8|1|19121101|1|1|2||1|25|8|5||1|1|13|12|2020|19|12|2020|25|5|1965|2|1||||||||||||||421|1312|3|5|2||||1997|0|0|0|0|0|0|0|0|2|48|1|2|4|850|0|||||1|||||||||5|0|0|0|0|0|0|1|6|4|2|0|0|||||0|0|1|240.946789040667
2020|12|018112|004|0085|11|01|8|1|19121101|1|1|2||1|31|8|5||1|1|13|12|2020|19|12|2020|25|5|1965|2|1||||||||||||||421|1312|3|5|2||||1997|0|0|0|0|0|0|0|0|2|48|1|2|4|850|0|||||1|||||||||5|0|0|0|0|0|0|1|6|4|2|0|0|||||0|0|1|540.679404066789
2020|12|018112|004|0085|11|01|8|1|19121101|1|1|2||1|27|8|5||1|1|13|12|2020|19|12|2020|25|5|1965|2|1||||||||||||||421|1312|3|5|2||||1997|0|0|0|0|0|0|0|0|2|48|1|2|4|850|0|||||1|||||||||5|0|0|0|0|0|0|1|6|4|2|0|0|||||0|0|1|575.963240401533
2020|12|018112|004|0085|11|01|8|1|19121101|1|1|2||1|19|8|5||1|1|13|12|2020|19|12|2020|25|5|1965|2|1||||||||||||||421|1312|3|5|2||||1997|0|0|0|0|0|0|0|0|2|48|1|2|4|850|0|||||1|||||||||5|0|0|0|0|0|0|1|6|4|2|0|0|||||0|0|1|240.946789040667
2020|12|018112|004|0085|11|01|8|1|19121101|1|1|2||1|20|8|5||1|1|13|12|2020|19|12|2020|25|5|1965|2|1||||||||||||||421|1312|3|5|2||||1997|0|0|0|0|0|0|0|0|2|48|1|2|4|850|0|||||1|||||||||4|0|0|0|0|0|0|1|6|4|2|0|0|||||0|0|1|540.679404066789
2020|12|018112|004|0085|11|01|8|1|19121101|1|1|2||1|19|8|5||1|1|13|12|2020|19|12|2020|25|5|1965|2|1||||||||||||||421|1312|3|5|2||||1997|0|0|0|0|0|0|0|0|2|48|1|2|4|850|0|||||1|||||||||4|0|0|0|0|0|0|1|6|4|2|0|0|||||0|0|1|575.963240401533
2020|12|018112|004|0085|11|01|8|1|19121101|1|1|2||1|19|7|5||1|1|13|12|2020|19|12|2020|25|5|1965|2|1||||||||||||||421|1312|3|5|2||||1997|0|0|0|0|0|0|0|0|2|48|1|2|4|850|0|||||1|||||||||5|0|0|0|0|0|0|1|6|4|2|0|0|||||0|0|1|240.946789040667
2020|12|018112|004|0085|11|01|8|1|19121101|1|1|2||1|18|7|5||1|1|13|12|2020|19|12|2020|25|5|1965|2|1||||||||||||||421|1312|3|5|2||||1997|0|0|0|0|0|0|0|0|2|48|1|2|4|850|0|||||1|||||||||5|0|0|0|0|0|0|1|6|4|2|0|0|||||0|0|1|253.914892543767
2020|12|018112|004|0085|11|01|8|1|19121101|1|1|2||1|21|7|5||1|1|13|12|2020|19|12|2020|25|5|1965|2|1||||||||||||||421|1312|3|5|2||||1997|0|0|0|0|0|0|0|0|2|48|1|2|4|850|0|||||1|||||||||5|0|0|0|0|0|0|1|6|4|2|0|0|||||0|0|1|240.946789040667
2020|12|018112|004|0085|11|01|8|1|19121101|1|1|2||1|21|9|5||1|1|13|12|2020|19|12|2020|25|5|1965|2|1||||||||||||||421|1312|3|5|2||||1997|0|0|0|0|0|0|0|0|2|48|1|2|4|850|0|||||1|||||||||5|0|0|0|0|0|0|1|6|4|2|0|0|||||0|0|1|540.679404066789
2020|12|018112|004|0085|11|01|8|1|19121101|1|1|2||1|32|9|5||1|1|13|12|2020|19|12|2020|25|5|1965|2|1||||||||||||||421|1312|3|5|2||||1997|0|0|0|0|0|0|0|0|2|48|1|2|4|850|0|||||1|||||||||5|0|0|0|0|0|0|1|6|4|2|0|0|||||0|0|1|575.963240401533
2020|12|018112|004|0085|11|01|8|1|19121101|1|1|2||1|35|8|5||1|1|13|12|2020|19|12|2020|25|5|1965|2|1||||||||||||||421|1312|3|5|2||||1997|0|0|0|0|0|0|0|0|2|48|1|2|4|850|0|||||1|||||||||4|0|0|0|0|0|0|1|6|4|2|0|0|||||0|0|1|240.946789040667
2020|12|018112|004|0085|11|01|8|1|19121101|1|1|2||1|20|8|5||1|1|13|12|2020|19|12|2020|25|5|1965|2|1||||||||||||||421|1312|3|5|2||||1997|0|0|0|0|0|0|0|0|2|48|1|2|4|850|0|||||1|||||||||5|0|0|0|0|0|0|1|6|4|2|0|0|||||0|0|1|540.679404066789
2020|12|018112|004|0085|11|01|8|1|19121101|1|1|2||1|25|7|5||1|1|13|12|2020|19|12|2020|25|5|1965|2|1||||||||||||||421|1312|3|5|2||||1997|0|0|0|0|0|0|0|0|2|48|1|2|4|850|0|||||1|||||||||5|0|0|0|0|0|0|1|6|4|2|0|0|||||0|0|1|240.946789040667
2021|02|020692|003|0089|11|01|8|1|21021101|1|1|2||1|52|6|5||1|1|24|1|2021|30|1|2021|27|1|1971|2|1||||||||||||||953|4220|4|4|2||||2016|0|3|0|0|4|0|3|10|2|58|1|2|4|300|0|||800|0|0|||||||||1|0|0|0|0|0|0|1|1|4|3|0|0|0|0|800|0|800|0|1|567.93080390597
2021|02|020692|003|0089|11|01|8|1|21021101|1|1|2||1|72|7|5||1|1|24|1|2021|30|1|2021|27|1|1971|2|1||||||||||||||953|4220|4|4|2||||2016|0|3|0|0|4|0|3|10|2|58|1|2|4|250|0|||800|0|0|||||||||1|0|0|0|0|0|0|1|1|4|3|0|0|0|0|800|0|800|0|1|249.25529900758
2021|02|020692|003|0089|11|01|8|1|21021101|1|1|2||1|55|5|5||1|1|24|1|2021|30|1|2021|27|1|1971|2|1||||||||||||||953|4220|4|4|2||||2016|0|3|0|0|4|0|3|10|2|58|1|2|4|400|0|||800|0|0|||||||||1|0|0|0|0|0|0|1|1|4|3|0|0|0|0|800|0|800|0|1|567.93080390597
2021|02|020692|003|0089|11|01|8|1|21021101|1|1|2||1|56|6|5||1|1|24|1|2021|30|1|2021|27|1|1971|2|1||||||||||||||953|4220|4|4|2||||2016|0|3|0|0|4|0|3|10|2|58|1|2|4|400|0|||800|0|0|||||||||1|0|0|0|0|0|0|1|1|4|3|0|0|0|0|800|0|800|0|1|366.17219401474
2021|02|020692|003|0089|11|01|8|1|21021101|1|1|2||1|54|6|5||1|1|24|1|2021|30|1|2021|27|1|1971|2|1||||||||||||||953|4220|4|4|2||||2016|0|3|0|0|4|0|3|10|2|58|1|2|4|300|0|||800|0|0|||||||||1|0|0|0|0|0|0|1|1|4|3|0|0|0|0|800|0|800|0|1|249.25529900758
2021|02|020692|003|0089|11|01|8|1|21021101|1|1|2||1|65|6|5||1|1|24|1|2021|30|1|2021|27|1|1971|2|1||||||||||||||953|4220|4|4|2||||2016|0|3|0|0|4|0|3|10|2|58|1|2|4|150|0|||800|0|0|||||||||1|0|0|0|0|0|0|1|1|4|3|0|0|0|0|800|0|800|0|1|567.93080390597
2021|02|020692|003|0089|11|01|8|1|21021101|1|1|2||1|66|5|5||1|1|24|1|2021|30|1|2021|27|1|1971|2|1||||||||||||||953|4220|4|4|2||||2016|0|3|0|0|4|0|3|10|2|58|1|2|4|250|0|||800|0|0|||||||||1|0|0|0|0|0|0|1|1|4|3|0|0|0|0|800|0|800|0|1|366.17219401474
2021|02|020692|003|0089|11|01|8|1|21021101|1|1|2||1|66|7|5||1|1|24|1|2021|30|1|2021|27|1|1971|2|1||||||||||||||953|4220|4|4|2||||2016|0|3|0|0|4|0|3|10|2|58|1|2|4|250|0|||800|0|0|||||||||1|0|0|0|0|0|0|1|1|4|3|0|0|0|0|800|0|800|0|1|567.93080390597
2021|02|020692|003|0089|11|01|8|1|21021101|1|1|2||1|50|7|5||1|1|24|1|2021|30|1|2021|27|1|1971|2|1||||||||||||||953|4220|4|4|2||||2016|0|3|0|0|4|0|3|10|2|58|1|2|4|750|0|||800|0|0|||||||||1|0|0|0|0|0|0|1|1|4|3|0|0|0|0|800|0|800|0|1|567.93080390597
2021|02|020692|003|0089|11|01|8|1|21021101|1|1|2||1|50|7|5||1|1|24|1|2021|30|1|2021|27|1|1971|2|1||||||||||||||953|4220|4|4|2||||2016|0|3|0|0|4|0|3|10|2|58|1|2|4|930|0|||800|0|0|||||||||1|0|0|0|0|0|0|1|1|4|3|0|0|0|0|800|0|800|0|1|249.25529900758
2021|02|020692|003|0089|11|01|8|1|21021101|1|1|2||1|56|6|5||1|1|24|1|2021|30|1|2021|27|1|1971|2|1||||||||||||||953|4220|4|4|2||||2016|0|3|0|0|4|0|3|10|2|58|1|2|4|150|0|||800|0|0|||||||||1|0|0|0|0|0|0|1|1|4|3|0|0|0|0|800|0|800|0|1|567.93080390597
2021|02|020692|003|0089|11|01|8|1|21021101|1|1|2||1|58|7|5||1|1|24|1|2021|30|1|2021|27|1|1971|2|1||||||||||||||953|4220|4|4|2||||2016|0|3|0|0|4|0|3|10|2|58|1|2|4|250|0|||800|0|0|||||||||1|0|0|0|0|0|0|1|1|4|3|0|0|0|0|800|0|800|0|1|249.25529900758
2021|02|020692|003|0089|11|01|8|1|21021101|1|1|2||1|59|6|5||1|1|24|1|2021|30|1|2021|27|1|1971|2|1||||||||||||||953|4220|4|4|2||||2016|0|3|0|0|4|0|3|10|2|58|1|2|4|300|0|||800|0|0|||||||||1|0|0|0|0|0|0|1|1|4|3|0|0|0|0|800|0|800|0|1|567.93080390597
2021|02|020692|003|0089|11|01|8|1|21021101|1|1|2||1|53|7|5||1|1|24|1|2021|30|1|2021|27|1|1971|2|1||||||||||||||953|4220|4|4|2||||2016|0|3|0|0|4|0|3|10|2|58|1|2|4|300|0|||800|0|0|||||||||1|0|0|0|0|0|0|1|1|4|3|0|0|0|0|800|0|800|0|1|249.25529900758
2021|02|020692|003|0089|11|01|8|1|21021101|1|1|2||1|53|7|5||1|1|24|1|2021|30|1|2021|27|1|1971|2|1||||||||||||||953|4220|4|4|2||||2016|0|3|0|0|4|0|3|10|2|58|1|2|4|400|0|||800|0|0|||||||||1|0|0|0|0|0|0|1|1|4|3|0|0|0|0|800|0|800|0|1|567.93080390597
2021|02|020692|003|0089|11|01|8|1|21021101|1|1|2||1|51|7|5||1|1|24|1|2021|30|1|2021|27|1|1971|2|1||||||||||||||953|4220|4|4|2||||2016|0|3|0|0|4|0|3|10|2|58|1|2|4|400|0|||800|0|0|||||||||1|0|0|0|0|0|0|1|1|4|3|0|0|0|0|800|0|800|0|1|366.17219401474
2021|02|020692|003|0089|11|01|8|1|21021101|1|1|2||1|70|7|5||1|1|24|1|2021|30|1|2021|27|1|1971|2|1||||||||||||||953|4220|4|4|2||||2016|0|3|0|0|4|0|3|10|2|58|1|2|4|550|0|||800|0|0|||||||||1|0|0|0|0|0|0|1|1|4|3|0|0|0|0|800|0|800|0|1|249.25529900758
2021|02|020692|003|0089|11|01|8|1|21021101|1|1|2||1|72|5|5||1|1|24|1|2021|30|1|2021|27|1|1971|2|1||||||||||||||953|4220|4|4|2||||2016|0|3|0|0|4|0|3|10|2|58|1|2|4|500|0|||800|0|0|||||||||1|0|0|0|0|0|0|1|1|4|3|0|0|0|0|800|0|800|0|1|567.93080390597
2020|12|017807|004|0105|11|01|8|1|19121101|1|1|2||1|37|8|3||1|2|29|11|2020|5|12|2020|24|8|1983|1|||||||||||||||313|3312|3|5|1|50||6|2018|0|8|8|8|8|8|5|45|1||1|2|4|1200|0|||||1|||||||||1|0|0|0|0|0|0|1|6|4|1|1200|0|||||1200|1200|1|400.740179347899
2020|12|017807|004|0105|11|03|8|1|19121103|3|1|2||1|20|7|1||3|3|29|11|2020|5|12|2020|25|8|2000|1|||||||||||||||455|8220|3|5|2|||3|2019|8|8|8|8|8|8|0|48|1||2|2|4|1400|0|||||1|||||||||1|0|0|0|0|0|0|1|6|4|1|1400|0|||||1400|1400|1|388.892025635784
2020|12|017807|004|0106|11|04|8|1|20121104|3|1|2||1|29|9|3||4|4|29|11|2020|5|12|2020|7|5|1991|1|||||||||||||||242|8521|3|5|1|15|1|3|2020|0|0|6|4|4|0|0|14|1||1|1|4|700|0|||||1|||||||||6|0|0|0|0|0|0|1|6|4|1|700|0|||||700|700|1|400.740179347899
2020|12|017807|004|0107|11|02|8|1|19121103|3|1|2||1|21|6|5||2|2|29|11|2020|5|12|2020|11|4|1999|1|||||||||||||||783|4321|4|5|1|2|7|12|2020|0|8|8|8|8|8|0|40|1||1|2|2|150|35|||||1|||||||||6|0|0|0|0|0|0|1|6|4|1|650|152|||||802|802|1|388.892025635784
2020|12|017809|004|0131|11|01|8|1|19121101|1|1|2||1|56|8|3||1|1|13|12|2020|19|12|2020|31|1|1964|1|||||||||||||||12|8422|3|1|2||||1986|0|8|8|8|8|8|0|40|1||2|2|4|3000|39|||||1|||||||||4|0|0|0|0|0|0|1|6|4|1|3000|39|||||3039|3039|1|127.52236973163
2020|12|017809|004|0131|11|02|8|1|19121102|3|1|2||1|31|10|5||2|1|13|12|2020|19|12|2020|26|12|1988|1|||||||||||||||251|2220|3|5|2||||2015|0|10|8|10|8|10|10|56|2|48|1|2|4|3000|0|||||1|||||||||1|0|0|0|0|0|0|1|6|4|1|3000|0|||||3000|3000|1|206.034046616101
2020|12|017809|004|0131|11|03|8|1|19121103|3|1|2||2|23|10|5||3|1|13|12|2020|19|12|2020|12|1|1997|1|||||||||||||||451|6419|3|5|2||2|11|2020|0|9|9|9|9|9|4|49|1||1|2|3|650|0|||||1|||||||||1|0|0|0|0|0|0|1|6|4|1|1300|0|||||1300|1300|1|215.152729834162
2020|12|017809|004|0132|11|01|8|1|19121101|1|1|2||1|56|6|5||1|4|13|12|2020|19|12|2020|5|5|1964|1|||||||||||||||443|5310|3|5|2||||1982|6|10|10|10|10|10|10|66|1||1|2|4|1500|0|||1039|0|0|||||||||1|0|0|0|0|0|0|1|6|4|1|1500|0|||1039|0|2539|1500|1|127.52236973163
2020|12|017809|004|0132|11|03|8|1|19121103|3|1|2||1|30|10|5||3|3|20|12|2020|26|12|2020|6|5|1990|1|||||||||||||||423|7210|3|2|2||2|7|2020|0|8|8|8|8|0|0|32|2|40|1|1|4|1800|0|||||1|||||||||5|0|0|0|0|0|0|1|6|4|1|1800|0|||||1800|1800|1|206.034046616101
2020|12|017809|004|0132|11|04|8|1|19121104|3|1|2||1|27|10|5||4|4|13|12|2020|19|12|2020|28|12|1992|1|||||||||||||||221|3510|3|5|2||2|5|2019|0|12|12|12|12|12|0|60|1||2|2|4|4200|0|||||1|||||||||3|0|0|0|0|0|0|1|6|4|1|4200|0|||||4200|4200|1|206.034046616101
2020|12|017839|005|0151|11|03|8|1|20121103|3|1|2||2|39|10|6||3|3|22|11|2020|28|11|2020|25|10|1981|1|||||||||||||||268|8412|3|2|2|||11|2019|0|8|8|8|8|8|0|40|1||1|2|4|3000|0|||||1|||||||||1|0|0|0|0|0|0|1|6|4|1|3000|0|||||3000|3000|1|368.173134965644
2020|12|017888|004|0131|11|01|8|1|20121101|1|1|2||2|53|6|5||1|1|22|11|2020|28|11|2020|6|9|1967|1|||||||||||||||522|5610|3|5|1|3|1|10|2020|0|8|8|8|8|8|0|40|1||1|1|2|200|40|||||1|||||||||5|0|0|0|0|0|0|1|6|4|1|866|173|||||1039|1039|1|234.359806869605
2020|12|017888|004|0133|11|03|8|1|19121103|3|1|2||1|28|7|2||3|3|29|11|2020|5|12|2020|14|5|1992|1|||||||||||||||572|4741|3|5|1|2|1|6|2020|0|9|9|9|9|9|9|54|1||1|1|4|1500|0|||||1|||||||||5|0|0|0|0|0|0|1|6|4|1|1500|0|||||1500|1500|1|391.266553643228
2020|12|017888|004|0134|11|01|8|1|19121101|1|1|2||1|55|8|3||1|1|22|11|2020|28|11|2020|6|2|1965|1|||||||||||||||346|8610|3|2|2||||2005|0|8|8|8|8|8|8|48|1||1|2|4|2400|0|||||1|||||||||1|0|0|0|0|0|0|1|5|4|1|2400|0|||||2400|2400|1|242.169869188082
2020|12|017888|004|0134|11|03|8|1|20121103|3|1|2||1|27|10|5||3|3|29|11|2020|5|12|2020|7|8|1993|1|||||||||||||||419|6419|3|5|2||||2017|0|8|8|8|8|8|0|40|1||1|2|4|1800|0|||||1|||||||||1|0|0|0|0|0|0|1|6|4|1|1800|0|||||1800|1800|1|391.266553643228
2020|12|017890|004|0086|11|02|8|1|19121103|3|1|2||2|34|6|5||2|2|6|12|2020|12|12|2020|12|1|1986|1|||||||||||||||244|8510|3|5|2||1|3|2020|0|4|4|4|4|4|0|20|1||1|2|4|600|0|||||1|||||||||5|0|0|0|0|0|0|1|6|4|1|600|0|||||600|600|1|280.800586983216
2020|12|017890|004|0086|11|03|8|1|19121104|4|1|2||1|50|8|3||3|3|6|12|2020|12|12|2020|1|8|1970|1|||||||||||||||423|9411|3|5|1|10|||1992|0|8|8|8|8|8|0|40|1||1|2|4|1800|0|||||1|||||||||1|0|0|0|0|0|0|1|6|4|1|1800|0|||||1800|1800|1|184.770992719388
2020|12|017890|004|0086|11|05|8|1|19121102|3|1|2||1|29|9|3||5|5|6|12|2020|12|12|2020|19|7|1991|1|||||||||||||||952|5110|3|5|2||1|11|2020|0|8|8|8|8|8|0|40|2|48|1|2|4|1000|0|||||1|||||||||1|0|0|0|0|0|0|1|6|4|1|1000|0|||||1000|1000|1|298.528920120963
2020|12|017911|004|0134|11|02|8|1|19121102|3|1|2||2|60|10|5||2|2|13|12|2020|19|12|2020|13|2|1960|1|||||||||||||||246|8522|3|2|2||||1987|0|12|12|12|12|12|12|72|1||1|2|4|3000|0|||||1|||||||||1|0|0|0|0|0|0|1|6|4|1|3000|0|||||3000|3000|1|233.176171481374
2020|12|017936|005|0206|11|01|8|1|20121101|1|1|2||1|25|9|2||1|1|22|11|2020|28|11|2020|26|3|1995|1|||||||||||||||455|8220|3|5|2||||2017|8|8|8|8|8|8|0|48|1||1|2|4|1600|0|||||1|||||||||1|0|0|0|0|0|0|1|6|4|1|1600|0|||||1600|1600|1|397.27590527002
2020|12|017981|004|0121|11|01|8|1|19121101|1|1|2||2|39|6|5||1|1|22|11|2020|28|11|2020|5|7|1981|1|||||||||||||||572|4711|3|5|1|2|1|10|2019|14|14|14|14|14|14|14|98|1||1|2|2|140|15|||||1|||||||||6|0|0|0|0|0|0|1|6|4|1|606|65|||||671|671|1|366.172194014743
2020|12|017981|004|0122|11|01|8|1|19121101|1|1|2||1|35|6|5||1|2|22|11|2020|28|11|2020|12|10|1985|1|||||||||||||||984|1312|4|5|2||||2016|0|8|8|8|8|8|8|48|1||1|2|2|350|0|||||1|||||||||1|0|0|0|0|0|0|1|6|4|1|1516|0|||||1516|1516|1|389.290459937959
2020|12|017981|004|0123|11|02|8|1|19121102|3|1|2||1|20|6|5||2|2|22|11|2020|28|11|2020|14|8|2000|1|||||||||||||||942|5610|4|5|1|17|11|11|2020|8|8|8|0|8|8|8|48|1||1|2|2|230|42|||||1|||||||||1|0|0|0|0|0|0|1|6|4|1|996|182|||||1178|1178|1|377.780824903333
2020|12|017981|004|0124|11|02|8|1|19121102|3|1|2||2|26|10|6||2|2|22|11|2020|28|11|2020|5|11|1994|1|||||||||||||||268|4659|3|5|1|86|1|7|2019|0|8|8|8|8|8|0|40|1||2|2|4|3000|0|||||1|||||||||3|0|0|0|0|0|0|1|6|4|1|3000|0|||||3000|3000|1|366.172194014743
2020|12|017987|004|0065|11|02|8|1|19121102|3|1|2||1|49|10|5||2|1|29|11|2020|5|12|2020|15|5|1971|1|||||||||||||||785|2511|4|5|1|20|1|7|2020|0|8|8|8|8|8|8|48|1||2|2|2|400|0|||||1|||||||||1|0|0|0|0|0|0|1|6|4|1|1732|0|||||1732|1732|1|240.946789040667
2020|12|017987|004|0066|11|02|8|1|19121102|2|1|2||2|41|7|2||2|2|6|12|2020|12|12|2020|2|6|1979|1|||||||||||||||572|4752|5|5|1|2|||2005|0|6|6|6|6|6|6|36|1||1|2|||||||||||||||||5|0|0|0|0|0|0|1|6|4|1|||||||0|0|1|366.172194014743
2020|12|017987|004|0067|11|03|8|1|19121103|3|1|2||2|45|7|3||3|3|6|12|2020|12|12|2020|7|10|1975|2|1||||||||||||||942|8530|4|2|2||||2010|0|0|0|0|0|0|0|0|2|48|1|2|4|1200|0|||||1|||||||||1|0|0|0|0|0|0|1|6|4|1|1200|0|||||1200|1200|1|233.176171481374
2020|12|017990|004|0114|11|01|8|1|19121101|1|1|2||1|73|4|5||1|1|6|12|2020|12|12|2020|5|2|1947|2|1||||||||||||||945|8411|4|2|2||||2010|0|0|0|0|0|0|0|0|2|48|2|2|4|850|0|||||1|||||||||6|0|0|0|0|0|0|1|1|1|1|850|0|||||850|850|1|249.032251760153
2020|12|017990|004|0117|11|03|8|1|19121103|3|1|2||1|40|6|5||3|5|6|12|2020|12|12|2020|29|10|1980|2|2|2||2|2|2|2|2|2|2|2|1|2|2|945|4630|5|5|1|4|1|10|2020|0|4|4|4|0|0|4|16|1||1|1|||||||||||||||||6|0|0|0|0|0|0|1|1|4|1|||||||0|0|1|402.353898190911
2020|12|017990|004|0117|11|04|8|1|19121104|3|1|2||1|37|6|5||4|5|6|12|2020|12|12|2020|1|6|1983|1|||||||||||||||987|4663|4|5|1|14|1|10|2020|0|0|0|0|4|4|4|12|1||1|1|2|90|0|||||1|||||||||6|0|0|0|0|0|0|1|1|4|1|390|0|||||390|390|1|402.353898190911
2020|12|017990|004|0117|11|05|8|1|19121105|3|1|2||2|34|6|5||5|5|6|12|2020|12|12|2020|14|9|1986|1|||||||||||||||571|4630|3|5|1|4|9|12|2020|0|0|0|4|4|4|4|16|1||1|1|2|100|0|||||1|||||||||6|0|0|0|0|0|0|1|1|4|1|433|0|||||433|433|1|378.459851532017
2020|12|017990|004|0117|11|06|8|1|19121106|3|1|2||2|26|6|5||6|6|6|12|2020|12|12|2020|21|6|1994|1|||||||||||||||945|4630|4|5|1|4|30|11|2019|0|3|3|3|0|3|3|15|1||2|2|2|150|0|||||1|||||||||6|0|0|0|0|0|0|1|1|4|1|650|0|||||650|650|1|378.459851532017
2020|12|017990|004|0117|11|07|8|1|19121107|3|1|2||1|36|6|5||7|5|6|12|2020|12|12|2020|4|1|1984|1|||||||||||||||987|4663|4|5|1|14|1|10|2020|0|0|0|0|4|4|4|12|1||1|1|2|90|0|||||1|||||||||6|0|0|0|0|0|0|1|1|4|1|390|0|||||390|390|1|402.353898190911
2020|12|018037|005|0128|11|01|8|1|20121101|1|1|2||1|50|6|5||1|1|22|11|2020|28|11|2020|99|99|1970|1|||||||||||||||861|4100|4|5|1|50||2|2020|0|8|8|8|8|8|8|48|1||1|2|2|400|0|||||1|||||||||1|0|0|0|0|0|0|1|6|4|1|1732|0|||||1732|1732|1|291.788772049248
2020|12|018037|005|0130|11|02|8|1|20121102|2|1|2||1|43|6|5||2|2|22|11|2020|28|11|2020|18|2|1977|1|||||||||||||||945|4630|4|5|1|50|||2012|0|8|8|8|8|8|8|48|1||1|2|4|930|0|||||1|||||||||1|0|0|0|0|0|0|1|6|4|1|930|0|||||930|930|1|471.434318456978
2020|12|018052|005|0199|11|03|8|1|20121103|3|1|2||1|20|8|3||3|4|13|12|2020|19|12|2020|2|6|2000|1|||||||||||||||942|7830|4|4|2|||8|2019|8|8|8|8|8|0|8|48|1||2|2|4|1100|0|||||1|||||||||1|0|0|0|0|0|0|1|6|4|1|1100|0|||||1100|1100|1|377.780824903333
2020|12|018052|005|0200|11|02|8|1|20121102|2|1|2||2|47|6|5||2|2|13|12|2020|19|12|2020|22|3|1973|1|||||||||||||||942|7830|4|4|2||||2018|8|8|8|8|8|8|8|56|2|48|1|2|4|1210|0|||0|0|0|||||||||1|0|0|0|0|0|0|1|8|4|1|1210|0|||||1210|1210|1|233.176171481374
2020|12|018052|005|0200|11|03|8|1|20121103|3|1|2||1|18|7|1||3|2|13|12|2020|19|12|2020|2|2|2002|1|||||||||||||||942|7830|4|4|2||19|11|2020|8|8|8|8|8|8|8|56|1||1|1|4|930|0|||0|0|0|||||||||1|0|0|0|0|0|0|1|6|5|1|930|0|||||930|930|1|377.780824903333
2020|12|018052|005|0201|11|01|8|1|20121101|1|1|2||1|75|6|5||1|1|13|12|2020|19|12|2020|20|9|1945|2|2|2||2|2|2|2|2|2|2|2|1|2|2|942|5629|5|5|1|3|1|8|2020|0|1|1|1|1|1|1|6|1||1|2|||||||||2|6|2|||||1|1|0|0|0|0|0|0|1|6|4|4|||||||||1|240.946789040667
2020|12|018112|004|0085|11|01|8|1|19121101|1|1|2||1|25|7|5||1|1|13|12|2020|19|12|2020|25|5|1965|2|1||||||||||||||421|1312|3|5|2||||1997|0|0|0|0|0|0|0|0|2|48|1|2|4|850|0|||||1|||||||||5|0|0|0|0|0|0|1|6|4|2|0|0|||||0|0|1|575.963240401533
2020|12|018112|004|0085|11|01|8|1|19121101|1|1|2||1|36|7|5||1|1|13|12|2020|19|12|2020|25|5|1965|2|1||||||||||||||421|1312|3|5|2||||1997|0|0|0|0|0|0|0|0|2|48|1|2|4|700|0|||||1|||||||||4|0|0|0|0|0|0|1|6|4|2|0|0|||||0|0|1|240.946789040667
2020|12|018112|004|0085|11|01|8|1|19121101|1|1|2||1|30|7|5||1|1|13|12|2020|19|12|2020|25|5|1965|2|1||||||||||||||421|1312|3|5|2||||1997|0|0|0|0|0|0|0|0|2|48|1|2|4|700|0|||||1|||||||||4|0|0|0|0|0|0|1|6|4|2|0|0|||||0|0|1|253.914892543767
2020|12|018112|004|0085|11|01|8|1|19121101|1|1|2||1|31|8|5||1|1|13|12|2020|19|12|2020|25|5|1965|2|1||||||||||||||421|1312|3|5|2||||1997|0|0|0|0|0|0|0|0|2|48|1|2|4|700|0|||||1|||||||||4|0|0|0|0|0|0|1|6|4|2|0|0|||||0|0|1|240.946789040667
2020|12|018112|004|0085|11|01|8|1|19121101|1|1|2||1|19|8|5||1|1|13|12|2020|19|12|2020|25|5|1965|2|1||||||||||||||421|1312|3|5|2||||1997|0|0|0|0|0|0|0|0|2|48|1|2|4|700|0|||||1|||||||||5|0|0|0|0|0|0|1|6|4|2|0|0|||||0|0|1|540.679404066789
2020|12|018112|004|0085|11|01|8|1|19121101|1|1|2||1|21|9|5||1|1|13|12|2020|19|12|2020|25|5|1965|2|1||||||||||||||421|1312|3|5|2||||1997|0|0|0|0|0|0|0|0|2|48|1|2|4|700|0|||||1|||||||||5|0|0|0|0|0|0|1|6|4|2|0|0|||||0|0|1|240.946789040667
2021|02|020692|003|0089|11|01|8|1|21021101|1|1|2||1|60|7|5||1|1|24|1|2021|30|1|2021|27|1|1971|2|1||||||||||||||953|4220|4|4|2||||2016|0|3|0|0|4|0|3|10|2|58|1|2|4|300|0|||800|0|0|||||||||1|0|0|0|0|0|0|1|1|4|3|0|0|0|0|800|0|800|0|1|249.25529900758
2021|02|020692|003|0089|11|01|8|1|21021101|1|1|2||1|50|7|5||1|1|24|1|2021|30|1|2021|27|1|1971|2|1||||||||||||||953|4220|4|4|2||||2016|0|3|0|0|4|0|3|10|2|58|1|2|4|150|0|||800|0|0|||||||||1|0|0|0|0|0|0|1|1|4|3|0|0|0|0|800|0|800|0|1|567.93080390597
2021|02|020692|003|0089|11|01|8|1|21021101|1|1|2||1|62|7|5||1|1|24|1|2021|30|1|2021|27|1|1971|2|1||||||||||||||953|4220|4|4|2||||2016|0|3|0|0|4|0|3|10|2|58|1|2|4|150|0|||800|0|0|||||||||1|0|0|0|0|0|0|1|1|4|3|0|0|0|0|800|0|800|0|1|366.17219401474
2021|02|020692|003|0089|11|01|8|1|21021101|1|1|2||1|62|6|5||1|1|24|1|2021|30|1|2021|27|1|1971|2|1||||||||||||||953|4220|4|4|2||||2016|0|3|0|0|4|0|3|10|2|58|1|2|4|200|0|||800|0|0|||||||||1|0|0|0|0|0|0|1|1|4|3|0|0|0|0|800|0|800|0|1|567.93080390597
2021|02|020692|003|0089|11|01|8|1|21021101|1|1|2||1|75|6|5||1|1|24|1|2021|30|1|2021|27|1|1971|2|1||||||||||||||953|4220|4|4|2||||2016|0|3|0|0|4|0|3|10|2|58|1|2|4|200|0|||800|0|0|||||||||1|0|0|0|0|0|0|1|1|4|3|0|0|0|0|800|0|800|0|1|389.29045993795
2021|02|020692|003|0089|11|01|8|1|21021101|1|1|2||1|54|5|5||1|1|24|1|2021|30|1|2021|27|1|1971|2|1||||||||||||||953|4220|4|4|2||||2016|0|3|0|0|4|0|3|10|2|58|1|2|4|300|0|||800|0|0|||||||||1|0|0|0|0|0|0|1|1|4|3|0|0|0|0|800|0|800|0|1|567.93080390597
2021|02|020692|003|0089|11|01|8|1|21021101|1|1|2||1|74|5|5||1|1|24|1|2021|30|1|2021|27|1|1971|2|1||||||||||||||953|4220|4|4|2||||2016|0|3|0|0|4|0|3|10|2|58|1|2|4|400|0|||800|0|0|||||||||1|0|0|0|0|0|0|1|1|4|3|0|0|0|0|800|0|800|0|1|567.93080390597
2021|02|020692|003|0089|11|01|8|1|21021101|1|1|2||1|68|6|5||1|1|24|1|2021|30|1|2021|27|1|1971|2|1||||||||||||||953|4220|4|4|2||||2016|0|3|0|0|4|0|3|10|2|58|1|2|4|400|0|||800|0|0|||||||||1|0|0|0|0|0|0|1|1|4|3|0|0|0|0|800|0|800|0|1|249.25529900758
2020|12|018147|004|0132|11|03|8|1|20121103|3|1|2||1|39|6|5||3|2|20|12|2020|26|12|2020|19|4|1981|1|||||||||||||||861|4100|4|5|1|3|15|11|2020|0|8|8|8|8|8|8|48|1||1|2|2|250|0|||||1|||||||||6|0|0|0|0|0|0|1|6|4|1|1083|0|||||1083|1083|1|398.51535235355
2020|12|018198|005|0175|11|01|8|1|20121101|1|1|2||1|37|6|5||1|2|29|11|2020|5|12|2020|29|11|1983|1|||||||||||||||851|4330|4|5|1|2|2|11|2020|0|8|8|8|8|8|8|48|1||2|2|2|400|0|||||1|||||||||5|0|0|0|0|0|0|1|6|4|1|1732|0|||||1732|1732|1|397.27590527002
2020|12|018198|005|0176|12|02|8|1|20121202|2|1|2||2|70|6|5||2|2|29|11|2020|5|12|2020|26|2|1950|1|||||||||||||||945|8411|4|2|2||26|4|2020|0|9|9|9|9|9|0|45|1||1|2|4|930|0|||||1|||||||||6|0|0|0|0|0|0|1|6|4|1|930|0|||||930|930|1|237.959272434838
2020|12|018198|005|0176|12|03|8|1|20121203|3|1|2||1|28|8|3||3|3|29|11|2020|5|12|2020|24|3|1992|1|||||||||||||||415|8610|3|2|2|||6|2019|0|8|8|8|8|8|0|40|1||1|2|4|1200|0|||||1|||||||||6|0|0|0|0|0|0|1|4|4|1|1200|0|||||1200|1200|1|397.27590527002
2020|12|018214|005|0161|11|01|8|1|20121101|1|1|2||1|47|8|3||1|1|13|12|2020|19|12|2020|12|4|1973|1|||||||||||||||423|8422|3|2|2||||2015|0|8|8|8|8|8|8|48|1||1|1|4|2000|0|||||1|||||||||1|0|0|0|0|0|0|1|6|4|1|2000|0|||||2000|2000|1|264.264220238151
2020|12|018235|004|0103|11|01|8|1|19121101|1|1|2||1|45|6|5||1|1|13|12|2020|19|12|2020|18|1|1975|1|||||||||||||||377|5229|3|5|1|50|||2018|0|8|8|8|8|8|5|45|1||1|2|4|1400|0|||||1|||||||||1|0|0|0|0|0|0|1|6|4|1|1400|0|||||1400|1400|1|269.997111123584
2020|12|018235|004|0103|11|02|8|1|19121102|2|1|2||2|41|6|5||2|2|13|12|2020|19|12|2020|15|8|1979|1|||||||||||||||942|5610|4|5|1|4|||2015|0|8|8|8|8|8|8|48|1||1|2|1|20|8|||||1|||||||||1|0|0|0|0|0|0|1|6|4|1|500|200|||||700|700|1|410.320614569712
2020|12|018235|004|0103|11|03|8|1|19121103|3|1|2||1|22|8|3||3|3|13|12|2020|19|12|2020|30|12|1997|1|||||||||||||||314|1074|3|5|2||||2018|0|8|8|8|8|8|8|48|1||1|2|4|1100|0|||||1|||||||||1|0|0|0|0|0|0|1|6|4|1|1100|0|||||1100|1100|1|423.328867622175
2020|12|018235|004|0104|11|02|8|1|19121103|3|1|2||1|26|10|5||2|1|20|12|2020|26|12|2020|21|12|1994|1|||||||||||||||227|2599|3|5|2||1|7|2020|0|8|8|8|8|8|0|40|1||1|2|4|2500|0|||||1|||||||||1|0|0|0|0|0|0|1|6|4|1|2500|0|||||2500|2500|1|436.226189150337
2020|12|018235|004|0105|11|02|8|1|19121102|2|1|2||2|31|8|3||2|2|13|12|2020|19|12|2020|18|8|1989|1|||||||||||||||572|4772|5|5|1|2|||2014|0|6|6|6|6|6|6|36|1||1|2|||||||||||||||||1|0|0|0|0|0|0|1|6|4|1|||||||0|0|1|410.320614569712
2020|12|018236|004|0113|11|01|8|1|19121101|1|1|2||1|59|4|5||1|3|29|11|2020|5|12|2020|23|12|1960|1|||||||||||||||766|1071|4|5|1|4|||2018|0|8|8|8|8|8|8|48|1||1|2|2|300|48|||||1|||||||||6|0|0|0|0|0|0|1|6|4|1|1299|208|||||1507|1507|1|269.599920710368
2020|12|018236|004|0113|11|03|8|1|19121103|3|1|2||1|18|6|5||3|3|22|11|2020|28|11|2020|23|3|2002|1|||||||||||||||766|1071|4|5|1|4||2|2020|0|8|8|8|8|8|0|40|1||1|2|4|930|0|||||1|||||||||6|0|0|0|0|0|0|1|6|4|1|930|0|||||930|930|1|422.706112189135
2020|12|018236|004|0116|11|01|8|1|19121101|1|1|2||1|29|9|3||1|1|22|11|2020|28|11|2020|7|9|1991|1|||||||||||||||455|8220|3|5|2||||2010|0|8|8|8|8|8|0|40|1||1|2|4|2200|0|||||1|||||||||1|0|0|0|0|0|0|1|6|4|1|2200|0|||||2200|2200|1|435.58446057923
2020|12|018272|005|0158|11|02|8|1|20121102|2|1|2||2|48|6|5||2|2|6|12|2020|12|12|2020|9|1|1972|1|||||||||||||||914|4781|5|5|1|2|||2018|0|8|8|8|8|8|8|48|1||1|2|||||||||||||||||6|0|0|0|0|0|0|1|6|4|1|||||||0|0|1|233.176171481374
2020|12|018272|005|0160|11|01|8|1|20121101|1|1|2||1|63|6|5||1|2|6|12|2020|12|12|2020|1|4|1957|1|||||||||||||||945|8411|4|2|2||1|10|2020|0|8|8|8|8|8|8|48|1||1|2|3|500|0|||||1|||||||||6|0|0|0|0|0|0|1|6|4|1|1000|0|||||1000|1000|1|240.946789040667
2020|12|018272|005|0160|11|02|8|1|20121102|2|1|2||2|66|6|5||2|2|6|12|2020|12|12|2020|31|12|1953|1|||||||||||||||917|4781|5|5|1|2|1|11|2020|8|8|8|8|8|8|8|56|1||1|2|||||||||||||||||6|0|0|0|0|0|0|1|6|4|1|||||||0|0|1|233.176171481374
2020|12|018315|004|0116|11|01|8|1|19121101|1|1|2||2|49|8|3||1|1|6|12|2020|12|12|2020|18|4|1971|1|||||||||||||||413|4663|3|5|1|4|||2018|0|8|8|8|8|8|0|40|1||1|2|4|1200|0|||||1|||||||||1|0|0|0|0|0|0|1|6|4|1|1200|0|||||1200|1200|1|239.838347809413
2020|12|018323|004|0112|11|01|8|1|19121101|1|1|2||2|38|8|3||1|1|29|11|2020|5|12|2020|14|4|1982|1|||||||||||||||244|8510|3|5|1|12|6|3|2020|0|6|6|6|6|6|0|30|1||1|2|4|930|0|||||1|||||||||1|0|0|0|0|0|0|1|6|4|1|930|0|||||930|930|1|274.629145511057
2020|12|018358|005|0156|11|04|8|1|20121104|9|1|2||1|50|6|5||4|4|22|11|2020|28|11|2020|5|8|1970|1|||||||||||||||952|4771|3|5|1|5|1|10|2020|0|9|9|0|9|0|9|36|2|60|1|1|2|320|0|||||1|||||||||5|0|0|0|0|0|0|1|7|4|1|1386|0|||||1386|1386|1|280.596260654954
2020|12|018358|005|0157|11|03|8|1|20121103|3|1|2||1|25|8|3||3|3|22|11|2020|28|11|2020|27|7|1995|1|||||||||||||||321|8411|3|2|2||25|10|2020|0|8|8|8|8|8|8|48|1||2|1|4|1500|0|||||1|||||||||1|0|0|0|0|0|0|1|6|4|1|1500|0|||||1500|1500|1|453.350915370788
2020|12|018358|005|0157|11|04|8|1|20121104|3|1|2||1|22|8|3||4|4|22|11|2020|28|11|2020|17|4|1998|1|||||||||||||||454|8620|3|2|2||1|8|2020|0|8|8|8|8|8|4|44|1||1|2|4|1200|0|||||1|||||||||5|0|0|0|0|0|0|1|6|4|1|1200|0|||||1200|1200|1|439.947289760844
2020|12|018358|005|0157|11|05|8|1|20121105|3|1|2||2|30|8|3||5|5|22|11|2020|28|11|2020|3|7|1990|1|||||||||||||||423|8530|3|2|2||||2018|0|10|10|10|10|10|0|50|1||1|2|4|1200|0|||||1|||||||||5|0|0|0|0|0|0|1|7|4|1|1200|0|||||1200|1200|1|426.428377839954
2020|12|018358|005|0158|11|03|8|1|20121103|3|1|2||1|24|10|5||3|2|22|11|2020|28|11|2020|16|10|1996|1|||||||||||||||419|6419|3|5|2||1|11|2019|0|8|8|8|8|8|0|40|1||1|2|4|1800|0|||||1|||||||||1|0|0|0|0|0|0|1|6|4|1|1800|0|||||1800|1800|1|439.947289760844
2020|12|018358|005|0159|11|04|8|1|20121104|3|1|2||1|22|8|3||4|2|22|11|2020|28|11|2020|19|2|1998|1|||||||||||||||455|8220|3|5|2||1|10|2019|0|8|8|8|8|8|8|48|1||1|2|4|1000|0|||||1|||||||||1|0|0|0|0|0|0|1|6|4|1|1000|0|||||1000|1000|1|439.947289760844
2020|12|018379|004|0079|11|03|8|1|19121103|3|1|2||2|21|7|1||3|3|6|12|2020|12|12|2020|3|4|1999|1|||||||||||||||942|8121|4|4|2||2|11|2020|8|8|0|8|8|8|8|48|1||1|2|4|930|0|||||1|||||||||1|0|0|0|0|0|0|1|6|4|1|930|0|||||930|930|1|461.954239479472
2020|12|018404|004|0108|11|01|8|1|19121101|1|1|2||2|39|5|2||1|1|13|12|2020|19|12|2020|8|2|1981|1|||||||||||||||522|5610|4|5|1|4|15|7|2020|8|8|8|8|8|0|0|40|2|48|2|1|1|35|5|||||1|||||||||5|0|0|0|0|0|0|1|6|4|1|875|125|||||1000|1000|1|383.819046738345
2020|12|018404|004|0110|11|02|8|1|19121102|2|1|2||2|55|4|5||2|3|13|12|2020|19|12|2020|1|7|1965|1|||||||||||||||774|1410|4|5|1|20|||1999|0|8|8|8|8|8|4|44|1||1|2|2|350|0|||||1|||||||||5|0|0|0|0|0|0|1|5|4|1|1516|0|||||1516|1516|1|244.413577335898
2020|12|018404|004|0125|11|03|8|1|19121103|9|1|2||1|21|8|3||3|3|13|12|2020|19|12|2020|19|3|1999|1|||||||||||||||912|5610|3|5|1|2|15|1|2020|0|3|4|4|4|4|0|19|1||1|1|1|10|3|||||1|||||||||5|0|0|0|0|0|0|1|6|4|1|250|75|||||325|325|1|395.987129717952
2020|12|018410|004|0087|11|04|8|1|19121104|3|1|2||2|26|10|5||4|4|29|11|2020|5|12|2020|11|11|1994|1|||||||||||||||244|8510|3|5|1|12|5|3|2020|0|6|6|6|6|6|0|30|1||1|2|4|800|0|||||1|||||||||6|0|0|0|0|0|0|1|6|4|1|800|0|||||800|800|1|388.880547131937
2020|12|018410|004|0088|11|02|8|1|19121102|3|1|2||2|24|10|5||2|2|29|11|2020|5|12|2020|12|4|1996|1|||||||||||||||392|7320|3|5|1|15|15|12|2019|0|8|8|8|8|8|0|40|1||1|2|4|2000|0|||||1|||||||||1|0|0|0|0|0|0|1|6|4|1|2000|0|||||2000|2000|1|431.730256679419
2020|12|018410|004|0090|11|01|8|1|19121101|1|1|2||2|61|10|5||1|1|29|11|2020|5|12|2020|29|10|1959|1|||||||||||||||381|4100|3|5|1|5|||2000|0|8|8|8|8|8|0|40|1||1|2|4|1000|0|||||1|||||||||1|0|0|0|0|0|0|1|6|4|1|1000|0|||||1000|1000|1|247.636709247661
2020|12|018456|005|0152|11|02|8|1|20121102|2|1|2||1|49|10|5||2|2|13|12|2020|19|12|2020|13|9|1971|1|||||||||||||||242|8521|3|2|2||||2000|0|6|6|6|6|6|0|30|1||1|2|4|2200|0|||||1|||||||||1|0|0|0|0|0|0|1|6|4|1|2200|0|||||2200|2200|1|282.25195287621
2020|12|018456|005|0153|11|02|8|1|20121102|3|1|2||1|58|6|5||2|5|13|12|2020|19|12|2020|20|10|1962|1|||||||||||||||952|9499|3|5|1|6|2|11|2020|0|12|12|12|12|12|12|72|1||1|2|4|930|0|||||1|||||||||6|0|0|0|0|0|0|1|6|4|1|930|0|||||930|930|1|282.25195287621
2020|12|018470|004|0118|11|01|8|1|19121101|1|1|2||1|63|7|2||1|1|6|12|2020|12|12|2020|7|12|1957|1|||||||||||||||952|4711|3|5|2||2|12|2008|0|10|10|10|10|10|10|60|1||1|2|4|1200|95|||||1|||||||||1|0|0|0|0|0|0|1|6|4|1|1200|95|||||1295|1295|1|200.071887328411
2020|12|018112|004|0085|11|01|8|1|19121101|1|1|2||1|21|9|5||1|1|13|12|2020|19|12|2020|25|5|1965|2|1||||||||||||||421|1312|3|5|2||||1997|0|0|0|0|0|0|0|0|2|48|1|2|4|700|0|||||1|||||||||4|0|0|0|0|0|0|1|6|4|2|0|0|||||0|0|1|540.679404066789
2020|12|018112|004|0085|11|01|8|1|19121101|1|1|2||1|23|8|5||1|1|13|12|2020|19|12|2020|25|5|1965|2|1||||||||||||||421|1312|3|5|2||||1997|0|0|0|0|0|0|0|0|2|48|1|2|4|930|0|||||1|||||||||4|0|0|0|0|0|0|1|6|4|2|0|0|||||0|0|1|240.946789040667
2020|12|018112|004|0085|11|01|8|1|19121101|1|1|2||1|29|8|5||1|1|13|12|2020|19|12|2020|25|5|1965|2|1||||||||||||||421|1312|3|5|2||||1997|0|0|0|0|0|0|0|0|2|48|1|2|4|930|0|||||1|||||||||5|0|0|0|0|0|0|1|6|4|2|0|0|||||0|0|1|253.914892543767
2020|12|018112|004|0085|11|01|8|1|19121101|1|1|2||1|28|8|5||1|1|13|12|2020|19|12|2020|25|5|1965|2|1||||||||||||||421|1312|3|5|2||||1997|0|0|0|0|0|0|0|0|2|48|1|2|4|930|0|||||1|||||||||4|0|0|0|0|0|0|1|6|4|2|0|0|||||0|0|1|240.946789040667
2020|12|018112|004|0085|11|01|8|1|19121101|1|1|2||1|36|8|5||1|1|13|12|2020|19|12|2020|25|5|1965|2|1||||||||||||||421|1312|3|5|2||||1997|0|0|0|0|0|0|0|0|2|48|1|2|4|930|0|||||1|||||||||4|0|0|0|0|0|0|1|6|4|2|0|0|||||0|0|1|540.679404066789
2020|12|018112|004|0085|11|01|8|1|19121101|1|1|2||1|29|8|5||1|1|13|12|2020|19|12|2020|25|5|1965|2|1||||||||||||||421|1312|3|5|2||||1997|0|0|0|0|0|0|0|0|2|48|1|2|4|930|0|||||1|||||||||5|0|0|0|0|0|0|1|6|4|2|0|0|||||0|0|1|240.946789040667
2020|12|018112|004|0085|11|01|8|1|19121101|1|1|2||1|27|9|5||1|1|13|12|2020|19|12|2020|25|5|1965|2|1||||||||||||||421|1312|3|5|2||||1997|0|0|0|0|0|0|0|0|2|48|1|2|4|930|0|||||1|||||||||5|0|0|0|0|0|0|1|6|4|2|0|0|||||0|0|1|575.963240401533
2020|12|018112|004|0085|11|01|8|1|19121101|1|1|2||1|25|8|5||1|1|13|12|2020|19|12|2020|25|5|1965|2|1||||||||||||||421|1312|3|5|2||||1997|0|0|0|0|0|0|0|0|2|48|1|2|4|930|0|||||1|||||||||5|0|0|0|0|0|0|1|6|4|2|0|0|||||0|0|1|240.946789040667
2020|12|018112|004|0085|11|01|8|1|19121101|1|1|2||1|25|8|5||1|1|13|12|2020|19|12|2020|25|5|1965|2|1||||||||||||||421|1312|3|5|2||||1997|0|0|0|0|0|0|0|0|2|48|1|2|4|930|0|||||1|||||||||5|0|0|0|0|0|0|1|6|4|2|0|0|||||0|0|1|240.946789040667
2020|12|018112|004|0085|11|01|8|1|19121101|1|1|2||1|33|8|5||1|1|13|12|2020|19|12|2020|25|5|1965|2|1||||||||||||||421|1312|3|5|2||||1997|0|0|0|0|0|0|0|0|2|48|1|2|4|930|0|||||1|||||||||5|0|0|0|0|0|0|1|6|4|2|0|0|||||0|0|1|253.914892543767
2020|12|018112|004|0085|11|01|8|1|19121101|1|1|2||1|31|8|5||1|1|13|12|2020|19|12|2020|25|5|1965|2|1||||||||||||||421|1312|3|5|2||||1997|0|0|0|0|0|0|0|0|2|48|1|2|4|650|0|||||1|||||||||4|0|0|0|0|0|0|1|6|4|2|0|0|||||0|0|1|240.946789040667
2020|12|018112|004|0085|11|01|8|1|19121101|1|1|2||1|19|7|5||1|1|13|12|2020|19|12|2020|25|5|1965|2|1||||||||||||||421|1312|3|5|2||||1997|0|0|0|0|0|0|0|0|2|48|1|2|4|600|0|||||1|||||||||5|0|0|0|0|0|0|1|6|4|2|0|0|||||0|0|1|540.679404066789
2020|12|018112|004|0085|11|01|8|1|19121101|1|1|2||1|19|7|5||1|1|13|12|2020|19|12|2020|25|5|1965|2|1||||||||||||||421|1312|3|5|2||||1997|0|0|0|0|0|0|0|0|2|48|1|2|4|750|0|||||1|||||||||5|0|0|0|0|0|0|1|6|4|2|0|0|||||0|0|1|240.946789040667
2020|12|018112|004|0085|11|01|8|1|19121101|1|1|2||1|28|7|5||1|1|13|12|2020|19|12|2020|25|5|1965|2|1||||||||||||||421|1312|3|5|2||||1997|0|0|0|0|0|0|0|0|2|48|1|2|4|750|0|||||1|||||||||4|0|0|0|0|0|0|1|6|4|2|0|0|||||0|0|1|240.946789040667
2020|12|018112|004|0085|11|01|8|1|19121101|1|1|2||1|28|7|5||1|1|13|12|2020|19|12|2020|25|5|1965|2|1||||||||||||||421|1312|3|5|2||||1997|0|0|0|0|0|0|0|0|2|48|1|2|4|930|0|||||1|||||||||5|0|0|0|0|0|0|1|6|4|2|0|0|||||0|0|1|540.679404066789
2020|12|018112|004|0085|11|01|8|1|19121101|1|1|2||1|30|7|5||1|1|13|12|2020|19|12|2020|25|5|1965|2|1||||||||||||||421|1312|3|5|2||||1997|0|0|0|0|0|0|0|0|2|48|1|2|4|750|0|||||1|||||||||5|0|0|0|0|0|0|1|6|4|2|0|0|||||0|0|1|240.946789040667
2020|12|018112|004|0085|11|01|8|1|19121101|1|1|2||1|19|9|5||1|1|13|12|2020|19|12|2020|25|5|1965|2|1||||||||||||||421|1312|3|5|2||||1997|0|0|0|0|0|0|0|0|2|48|1|2|4|750|0|||||1|||||||||4|0|0|0|0|0|0|1|6|4|2|0|0|||||0|0|1|575.963240401533
2020|12|018112|004|0085|11|01|8|1|19121101|1|1|2||1|39|9|5||1|1|13|12|2020|19|12|2020|25|5|1965|2|1||||||||||||||421|1312|3|5|2||||1997|0|0|0|0|0|0|0|0|2|48|1|2|4|930|0|||||1|||||||||5|0|0|0|0|0|0|1|6|4|2|0|0|||||0|0|1|240.946789040667
2020|12|018112|004|0085|11|01|8|1|19121101|1|1|2||1|21|7|5||1|1|13|12|2020|19|12|2020|25|5|1965|2|1||||||||||||||421|1312|3|5|2||||1997|0|0|0|0|0|0|0|0|2|48|1|2|4|930|0|||||1|||||||||5|0|0|0|0|0|0|1|6|4|2|0|0|||||0|0|1|253.914892543767
2020|12|018112|004|0085|11|01|8|1|19121101|1|1|2||1|22|9|5||1|1|13|12|2020|19|12|2020|25|5|1965|2|1||||||||||||||421|1312|3|5|2||||1997|0|0|0|0|0|0|0|0|2|48|1|2|4|930|0|||||1|||||||||4|0|0|0|0|0|0|1|6|4|2|0|0|||||0|0|1|240.946789040667
2020|12|018112|004|0085|11|01|8|1|19121101|1|1|2||1|22|8|5||1|1|13|12|2020|19|12|2020|25|5|1965|2|1||||||||||||||421|1312|3|5|2||||1997|0|0|0|0|0|0|0|0|2|48|1|2|4|930|0|||||1|||||||||5|0|0|0|0|0|0|1|6|4|2|0|0|||||0|0|1|540.679404066789
2020|12|018112|004|0085|11|01|8|1|19121101|1|1|2||1|19|7|5||1|1|13|12|2020|19|12|2020|25|5|1965|2|1||||||||||||||421|1312|3|5|2||||1997|0|0|0|0|0|0|0|0|2|48|1|2|4|930|0|||||1|||||||||5|0|0|0|0|0|0|1|6|4|2|0|0|||||0|0|1|240.946789040667
2020|12|018112|004|0085|11|01|8|1|19121101|1|1|2||1|25|7|5||1|1|13|12|2020|19|12|2020|25|5|1965|2|1||||||||||||||421|1312|3|5|2||||1997|0|0|0|0|0|0|0|0|2|48|1|2|4|930|0|||||1|||||||||4|0|0|0|0|0|0|1|6|4|2|0|0|||||0|0|1|253.914892543767
